location,opportunity_score
Deccan Gymkhana,1.141709975524503
Azad Nagar,1.1394633323788919
Kilpauk,1.1224808008818201
"Riverside Mall, Gomti Nagar",1.092814848634766
"R Deccan Mall, JM Road",1.0892364230906944
"Chokhi Dhani Village Resort, Tonk Road",1.0462074096552147
"Quest Mall, Ballygunge",1.02883943818708
Aminabad,1.0244157502901055
Marathahalli,1.0155236012280635
Nungambakkam,1.0122120403465187
"Silver Spring Arcade, Science City Area",1.0097381408088713
"12th Square Building, Banjara Hills",1.0070787382128357
Sainikpuri,1.0055903297645479
Golpark,1.00306085302806
Indiranagar,0.9915377357770758
UB City,0.9719186032231905
Koramangala 7th Block,0.970387547519366
"BluPetal Hotel, Koramangala",0.9699983429173549
"Balewadi High Street, Balewadi",0.9466240434244102
Lower Parel,0.9418553051392318
Pratap Nagar,0.938362506263005
Sarjapur Road,0.9338406590976694
Park Street Area,0.9304421854901646
"Phoenix Market City, Viman Nagar",0.9262761043765178
"Express Avenue Mall,  Royapettah",0.9211717186534769
Koramangala 5th Block,0.9157656602647481
RA Puram,0.9009040609344905
Adyar,0.8965776290921439
Ulubari,0.8908979639002388
Velachery,0.8896713131027076
Fort,0.8798658201653984
Kidderpore,0.8774910587669832
Hitech City,0.8763767518851487
"Garden of Five Senses, Saket",0.8758945485412006
Pragati Maidan,0.8699610746230294
Chittoor Road,0.8693817415236796
Camac Street Area,0.8681044319600616
Kondapur,0.8601108613274379
"Sector 5, Salt Lake",0.8583514943385687
JP Nagar,0.853422165524619
Kotturpuram,0.8501473232469644
Banjara Hills,0.8484653499750751
Waltair Uplands,0.8446389268353346
T. Nagar,0.8405097214568091
"Ambience Mall, Gurgaon",0.8401493251513527
Powai,0.8400583141692104
"Acropolis Mall, Kasba ",0.8396762355491743
"The Crown, Nayapalli",0.8379895577582738
Doora,0.8363333456616967
Law College Road,0.8360477484702246
"Kasbah, Greater Kailash (GK) 1",0.8358231048266647
Vagator,0.8271316113436504
Betalbatim,0.8263047975881651
Perungudi,0.8222543831399335
"Calangute Beach, Calangute",0.8208481771541649
New BEL Road,0.8198898213766784
"Villa Shanti, White Town",0.8169374409392042
Elgin,0.8164784933380033
Senapati Bapat Road,0.8162275758372681
"Mani Square Mall, Kankurgachi",0.8162077851415598
Residency Road,0.8139782744555094
Fort Kochi,0.8120849323008438
Holiday Inn Express & Suites,0.8115250110128623
Ballygunge,0.8112946091942076
Viman Nagar,0.8111022067346769
Karkhana,0.8086362161041976
Jubilee Hills,0.8061394168150489
Edappally,0.8024433508913299
Thaltej,0.7998010055691781
"Hill Road, Bandra West",0.7970239385620806
Anjuna,0.7920525344414818
Southern Avenue,0.7907300367308737
Bhavathi,0.789866989931336
Mylapore,0.7866529804776655
Wakad,0.7835423569548391
Ambavadi,0.7809859641610637
Anna Nagar East,0.7772416462387174
Tonk Road,0.7764350751313934
"BMC Bhawani Mall, Sahid Nagar",0.7744539622629634
Ohri' Hitech City,0.7732242666078218
Nerul,0.7705919545227062
Arambol,0.7703283465297623
Friends Colony,0.7659135112990054
"Hotel Clarks Amer, Malviya Nagar",0.765251439298066
Prahlad Nagar,0.7645874650399541
"CMR Central Mall, Maddilapalem",0.7636269999471038
Panaji,0.7628539240435421
Chandmari,0.7584451250261351
Sadar Bazaar,0.7580372004122188
Cavelossim,0.7574444505120653
Kodailbail,0.7523953099107561
Ellis Bridge,0.7515739517434159
Kalyani Nagar,0.7512432378703753
"Spot 18 Mall, Pimple Saudagar",0.7511497756877907
Ashram Road,0.7505152059219689
Santhome,0.7494084776020215
Model Town 1,0.747146696516837
Ramapuram,0.7464069588190161
Madhapur,0.7447007205788853
Calangute,0.7413896181765133
Malad West,0.7369815151383302
"Versova, Andheri West",0.7351476312688748
Baga,0.7296666285283127
Juhu,0.7264280250024558
Koramangala 6th Block,0.7197118511598521
Ravet,0.713411034341119
Lajpat Nagar 4,0.7113595274428866
Bodakdev,0.7100700837795253
Shastri Nagar,0.7045850436873037
"Holiday Inn Jaipur City Centre, Bais Godam",0.7040991290206378
Borivali West,0.7039362225920187
"Hotel Express Towers, Alkapuri",0.7009993829370376
Sayaji Hotel,0.6965731112918396
"LuLu Mall, Edappally",0.6958523478740176
"Central Arcade, DLF Phase 2, Gurgaon",0.6941920753610513
Godaulia,0.6927502409700983
"Royal Inn, Hazratganj",0.6898155159220088
Auroville,0.6865795556644891
C Scheme,0.6847573452691157
Dwaraka Nagar,0.6845598056974798
"Kingdom of Dreams, Sector 29",0.6840593426091499
Feroze Shah Road,0.6829398247802517
"Anjuna Beach, Anjuna",0.6790788930482318
"Cyber Hub, DLF Cyber City",0.6789372719062541
"MGF Mega City Mall, MG Road",0.67702978874675
"The Village Restaurant Complex, Khel Gaon Marg",0.6767707576738745
"Sayaji Hotel, Vijay Nagar",0.676744125308076
Borivali East,0.6741661073797744
Candolim,0.6736675000306784
Ghatlodia,0.6728641891592982
Hauz Khas Village,0.6703159172091431
Anand Lok,0.6700877368190529
"Elante Mall, Chandigarh Industrial Area",0.66758117697996
Vile Parle East,0.6642436587637486
Saibaba Colony,0.6638160432079979
New Palasia,0.6578109544605283
Nanpura,0.6548038383137719
"International Business Center, Piplod",0.6546314959626819
Mohan Nagar,0.6544368368776214
Navrangpura,0.6522802487833141
"Anil Plaza, Christian Basti",0.6515496040148196
Peelamedu,0.6509751947984469
"Devraj Niwas, Bani Park",0.650895878059672
RS Puram,0.6503426497778946
"The Westin Gurgaon, Sector 29",0.6488446090702432
Gandhipuram,0.6477409792054457
Parijat Nagar,0.6467530933607402
"Grand Hotel, MG Road",0.6440220701830366
Lalbagh,0.6423535609389572
Attavar,0.6416529036860962
"DB City, Maharana Pratap Nagar",0.641455990991853
Gopalapuram,0.6397360211682918
Baner,0.6358685328374004
Koregaon Park,0.6343360011608202
Sadar,0.634061235503154
White Avenue,0.6336289364845611
Chandigarh Industrial Area,0.6314037295443616
"SMS Hotel, Peelamedu",0.6307530995687104
Gomti Nagar,0.6257676452519326
BRS Nagar,0.6245042111404752
Vyttila,0.6241506784445886
"Sheraton New Delhi Hotel, Saket",0.6199556019475997
Old Palasia,0.6196418194084163
Ramdaspeth,0.6179638650972848
City Light,0.6160833828957234
Pandara Road Market,0.6154254879877489
"Radisson Blu Plaza Delhi, Mahipalpur",0.6144229768875291
Panampilly Nagar,0.6143741444168297
Kaloor,0.6129556365668182
Kacheripady,0.6124532684906043
Gurukul,0.6102406946671118
Dhantoli,0.6058461701551058
Jayalakhsmipuram,0.6044004741889781
Karanpur,0.6038088113201171
Christian Basti,0.5971946519934119
Sarabha Nagar,0.5967751827857842
YN Road,0.5943000074548627
Basant Nagar,0.5936882859689651
Rushikonda,0.593135516792362
Jagadamba Junction,0.5914808339569314
West Patel Nagar,0.5904394447657322
"Hyatt Regency, Bhikaji Cama Place",0.5901521203400858
Balmatta,0.5869964418819189
Uday Park,0.5853147367946896
"DLF Place Mall, Saket",0.5844862659336608
"Sangam Courtyard, RK Puram",0.5827015921893709
"Rave Moti, Kakadeo",0.5807625472982725
"Rave 3, Tilak Nagar",0.5805680554250959
"ITC Mughal, Tajganj",0.5797264761984695
"The Taj Mahal Hotel, Mansingh Road",0.5774862682933247
Alkapuri,0.576664272115084
Karampura,0.5747763014410159
Vadiwadi,0.5735026744694932
Connaught Place,0.5719465840903202
"Taj Vivanta, Khan Market",0.5716710571541729
"Mayfair Lagoon, Jayadev Vihar",0.5704995935524036
"Main Market, Sarabha Nagar",0.5681831144160667
"Status Club, Kanpur Cantonment",0.5681708600247695
"Hotel Novotel, Maharani Peta",0.5673087871394816
"Westend Mall, Rajguru Nagar",0.5663721474696469
Kuvempunagar,0.5660701974572886
Kankanady,0.5648484599538022
Chandrasekharpur,0.5639303367077111
Rakabganj,0.5629350805577046
"Ramee Guestline Hotel, Juhu",0.5626010273568143
Sector 70,0.5621495115336551
Peer Gate Area,0.5606945932216955
"MGF Metropolitan Mall, Saket",0.556215557183786
"Select Citywalk Mall, Saket",0.5524340246406555
"Crowne Plaza, Sector 29",0.5518945975014818
DLF Cyber City,0.5510240854503612
Gokulam,0.5489341700154363
"Hotel De Pondicherry, White Town",0.5487423767827112
Athwa,0.5485597674605992
White Town,0.5484950524217093
Chamrajpura,0.5475264905583733
"Courtyard By Marriott, Satellite",0.5461490212755042
Lal Kothi,0.5460850514063212
Malsi,0.5456362531960351
Zoo Tiniali,0.5441633973102915
Arera Colony,0.5417046960988802
Race Course,0.5412798221748922
"Cross Point Mall, DLF Phase 4",0.5401824460001824
Hindpiri,0.5398000459719177
HIG-LIG,0.5391244198609887
"DLF Star Mall, Sector 30",0.5388361479382167
"Huda City Centre Metro Station, Sector 29, Gurgaon",0.5383730025626629
Piplod,0.537492776070848
Hazratganj,0.5366555132223654
The Leela Ambience Convention Hotel,0.5360270028313152
Paltan Bazaar,0.5354748327256215
Kirlampudi Layout,0.5340402548299761
Adajan Gam,0.5340208291983712
"Le Meridien, Janpath",0.5330674284104632
"The Leela Palace, Chanakyapuri",0.5329735888991614
Kadri,0.5324130005405323
Khan Market,0.5321304991542456
"The Fern, Sola",0.5318821074084522
Hathi Gate,0.529372255140283
"Goldfinch Hotel, Balmatta",0.5281743418604776
"Vivanta by Taj, Sector 44, Gurgaon",0.5277429535793611
"The Landmark Hotel, Mall Road",0.5267320432144297
Tughlakabad Institutional Area,0.5261640276950137
Town Hall,0.525363650041438
"Golden Square, City Light",0.5251501249404814
"Le Meridien Gurgaon, MG Road",0.5247902654600267
"Hotel Broadway, Daryaganj",0.5245960059068638
Sitabuldi,0.5213626223135862
TT Nagar,0.5211729625431222
"DLF Mall of India, Sector 18,  Noida",0.5201263035541905
Anand Wali Goan,0.5187215795817897
"Majiwada, Thane West",0.5181660710192982
Panchvati,0.5155314042429364
"Supermart 1, DLF Phase 4",0.5153068721022498
"Pacific Mall, Jakhan",0.5124056349970597
Patia,0.5121761427740371
Dispur,0.5118952223646992
"Park Plaza Hotel, Sector 55, Noida",0.5114495802858702
Hathibarkala Salwala,0.5109291902517643
Vastrapur,0.5105498433919988
Assi Ghat,0.5102150351982443
Dashaswmedh Road,0.509905188330797
Kakkanad,0.5096483131622062
"Fortune Select Excalibur, Sohna Road",0.5090471724635109
Dharampeth,0.5085912532295481
"Global Foyer Mall, Golf Course Road",0.5085201646493245
Ittige Gudu,0.507595536796113
Palarivattom,0.5074077306166912
Sector 29,0.5041963251696393
"The Ocean Pearl, Kodailbail",0.503591122266957
"Radisson Blu Hotel, Vijay Nagar",0.5034997219146744
"City Square Mall, Rajouri Garden",0.5012798008328853
Gurdev Nagar,0.5008477127079328
"Jaypee Siddharth, Rajendra Place",0.5006769922100732
Lanka,0.5004800839320674
Siripuram,0.4997637932015933
"The Lalit New Delhi, Barakhamba Road",0.49914205578501303
"Ambience Mall, Vasant Kunj",0.49839411643940623
College Road,0.4969745880180764
Gulmohar Colony,0.4955229140208985
"Bon Vivant, College Road",0.4951869442281674
Mathura Road,0.4945897813106892
Akashwani,0.49330486370079735
Kadru,0.49231720380441546
Bhawar Kuan,0.4920187460902029
Rajendra Place,0.49159730930409934
"Spring City Mall, Doranda",0.4905474722622793
"TDI Mall, Rajouri Garden",0.48982268538473844
Agra Cantt,0.48969879266712135
Rajpur,0.48951107297052715
"The Park, Connaught Place",0.4893763008210303
"Hyatt Regency, Rajguru Nagar",0.4875049580382423
"The Claridges, Aurangzeb Road",0.4855039269947406
"ITC Maurya, Chanakyapuri",0.48548644976113964
DLF Phase 4,0.48508511473455584
Vivekanand Nagar,0.4849612435552854
Jakhan,0.48380971600886125
"Southern Park Mall, Saket",0.483207825855198
INA Colony,0.482921833787821
"Bellagio, Ashok Vihar Phase 2",0.480975484742611
"DLF Galleria, DLF Phase 4",0.480691067187012
"Shangri La's - Eros hotel, Janpath",0.4800472524432029
Brahmaputra Shopping Complex,0.4792501164413679
"West Gate Mall, Rajouri Garden",0.4783198866364002
Chawri Bazar,0.47670700653996834
PVR Anupam Complex,0.47666456546871794
Arya Nagar,0.4749236924889941
Tajganj,0.4745966504204389
Vijay Nagar,0.472744340410242
Chukkuwala,0.4724330383530311
"Pai Hotels, Doora",0.46948837373833946
Bhelupur,0.46928802995160646
"Radisson Blu, Sector 18, Noida",0.46857801908777863
KS Rao Nagar,0.4674154958126524
"Epicuria Food Mall, Nehru Place",0.4670278080870534
"Suncity Business Tower, Golf Course Road",0.46612336139884003
"DLF South Point Mall, Golf Course Road",0.46513258295305104
"Ninex City Mart Mall, Sohna Road",0.46468450777268194
"The Imperial, Janpath",0.46314043005136263
Kashmiri Gate,0.46251618813300616
Uzan Bazaar,0.4624117816408841
"The Taj Palace Hotel, Chanakyapuri",0.46206487941518115
"M Cube Mall, Vadiwadi",0.4615915176345224
Defence Colony,0.46092617338616787
"Eros Hotel, Nehru Place",0.4575769122649996
"DLF Promenade Mall, Vasant Kunj",0.4563116122790785
Diwalipura,0.4562366231024122
Gajapati Nagar,0.4559853183545312
"Ansal Plaza Mall, Khel Gaon Marg",0.45539295793867146
Renaissance Lucknow Hotel,0.4552331906767668
"Ramada Gurgaon Central, Sector 44",0.45523014478370855
Lawsons Bay,0.45510129109608516
Ashok Nagar,0.4546217582059701
"Crescent Square Mall, Rohini",0.4542050136225577
"Hotel Capitol Hill, Hindpiri",0.4539297152146884
"The Ashok, Chanakyapuri",0.45295006524495673
Hampankatta,0.4513440138832275
Golf Course Road,0.4510927045372028
Maharana Pratap Nagar,0.4498344289457661
"The Promenade, White Town",0.447855480308915
Janpath,0.4475584755623099
Kohefiza,0.4466723331180471
Bajaj Nagar,0.44586634959163707
Unit 4,0.4453997713616389
Swaroop Nagar,0.44524405975160575
Hotel Royal Cliff,0.4442939346900272
"Radisson Blu, Tajganj",0.44417188999273244
Fraser Road Area,0.44417105972622367
Rajouri Garden,0.4437946211454342
Greater Kailash (GK) 2,0.4434962588554791
"Sahara Mall, MG Road",0.4418971870969977
"The Grand New Delhi, Vasant Kunj",0.44155272648066546
Sagar Nagar,0.44145949419125213
"Unitech Cyber Park, Sector 39, Gurgaon",0.4400748598074268
Sahid Nagar,0.4399695608839833
"Maurya Lok, Fraser Road Area",0.4380789889552486
Maddilapalem,0.43698372640888955
"Country Inn & Suites by Carlson, Gurgaon",0.4363264491895733
Essex Farms,0.4351266841980048
"DLF Emporio Mall, Vasant Kunj",0.4344220784579764
"D Mall, Netaji Subhash Place",0.4343482420981795
"Holiday Inn, Mayur Vihar",0.43377219257779703
"City Centre Mall, Rohini",0.43308844554480164
"Vasant Square Mall, Vasant Kunj",0.43279173391718584
Nadesar,0.43254916542731303
"Jaypee Vasant Continental, Vasant Vihar",0.4324105568625063
"City Center, Parijat Nagar",0.431869516700401
Rajguru Nagar,0.4316296814867035
Gachibowli,0.4299710631781054
"Central Plaza Mall, Golf Course Road",0.4296436997477915
PAU,0.4293929738517323
Greater Kailash (GK) 1,0.4286276141226127
"Aditya Mega Mall, Karkardooma",0.4283720481719527
"The Sapphire Mall, Sohna Road",0.42810023279216886
Patliputra Colony,0.4266652548432582
"JMD Kohinoor Mall, Greater Kailash",0.42387542558512253
Panchsheel Park,0.42362673531886585
Mall Road,0.42349040268829946
"Park Plaza, Sushant Lok",0.4227608571504595
"Spark Mall, Kamla Nagar",0.4218921015511617
"Courtyard by Marriott Agra, Tajganj",0.4209333894866818
Sector 18,0.4198069187061747
"Silver Arc Mall, Gurdev Nagar",0.4197968939251866
"MGF Metropolitan Mall, MG Road",0.41897618765464645
Vasant Kunj,0.41812736738141104
"Prozone Mall, Chicalthana",0.4180730047995794
Sector 54,0.4176969082092774
Kapashera,0.41731183464848787
"The Pllazio Hotel, Sector 29",0.4171318427802328
"A Hotel, Gurdev Nagar",0.4158883083359672
Vidhyadhar Nagar,0.4152998190316652
Vesu,0.4151410829262057
"The Westin Sohna Resort & Spa, Sohna Road",0.4137775583528126
Tagore Town,0.41311192113768663
Sector 8,0.41094010898605876
Satpur,0.4108976333826828
"Lemon Tree Premier, Sector 29",0.4099232142870608
Ranjit Avenue,0.40864813349679285
"Aggarwal City Plaza, Rohini",0.4079229193897213
Lodipur,0.40751712188876243
"Infiniti Hotel, Vijay Nagar",0.40595664362785905
Shahpur Jat,0.40457033624424704
Parade,0.40281665566918085
"Cross River Mall, Karkardooma",0.4025392481249677
Satyaniketan,0.4020047837927671
Malviya Nagar,0.40105485103969685
"Crowne Plaza Hotel, Rohini",0.40103670855422785
"Basant Lok Market, Vasant Vihar",0.400616374543709
Shahgunj,0.40013447756990234
"Mosaic Hotels, Sector 18, Noida ",0.3997559718067317
"DT City Centre Mall, MG Road",0.3991537198093407
Netaji Subhash Place,0.3980829989112218
Sunder Nagar,0.39698030111138144
Sunderpur,0.3948455307236736
"DoubleTree by Hilton, Sector 56",0.394735677673377
"Centre Stage Mall, Sector 18",0.3936389866877682
"Trident, Udyog Vihar",0.3929790816223192
"Radisson Blu, Hindpiri",0.3927834023173023
Surya Nagar,0.3917827866885855
Adchini,0.39072227019261596
"Crowne Plaza, Mayur Vihar Phase 1",0.38970497891459366
"Cyber Greens, DLF Cyber City",0.38912961457022033
DLF Phase 1,0.3882164488707141
DLF Phase 5,0.3877249066389761
Karkardooma,0.3865964847246503
"Shopping Mall, DLF Phase 1",0.3864431878784166
Gandhi Nagar,0.38626999827141223
"Metro Walk Mall, Rohini",0.3861753074431412
"Fortune Inn Grazia, Sector 27, Noida",0.386017531511271
Lodhi Colony,0.3857433124330569
"Lemon Tree Premier, Aerocity",0.3845143010338384
Omaxe Gurgaon Mall,0.3832516432485244
Delhi University-GTB Nagar,0.3809957280244305
MVP Colony,0.3789204587061034
Ashok Vihar Phase 2,0.378749451060938
Greater Kailash (GK) 3,0.3780801146429598
"Hotel GreenPark, Vizag",0.3780609628750485
Sector 30,0.3779377073765008
"Holiday Inn, Aerocity",0.37773859249336605
Sector 35,0.3769827193275268
"The Park, Lawsons Bay",0.3762524989721621
"Linking Road, Bandra West",0.37461806769294714
Sector 26,0.37459806825181236
"Community Centre, New Friends Colony",0.37244594094340805
"The Suryaa New Delhi, New Friends Colony",0.3716969413889889
Maharani Peta,0.3713845076132581
"Jaypee Greens Golf & Spa Resort, Surajpur",0.3708081808576773
Model Town 3,0.37044900035103495
"Jaipuria Plaza, Sector 26, Noida",0.3703927354509894
Lodhi Road,0.3701169141124093
"JMD Regent Arcade Mall, MG Road",0.36900817086337206
"The Royal Retreat, Bariatu",0.36748634456114576
ITO,0.36672351025896366
Khajpura,0.36635616461296455
"Shipra Mall, Indirapuram",0.3662306328429217
"Vyapar Kendra, Sushant Lok",0.3654287035946775
Khandari,0.36342265156523784
"SSK Solitaire, Satpur",0.3632846511807535
IIT Kanpur,0.3632434527412103
Shanti Niketan Marg,0.36323924834423665
Saket,0.36320380620937953
Nirala Bazar,0.3629497156985098
Ashok Vihar Phase 3,0.3613845503427788
"One Horizon Center, Golf Course Road",0.3602228678240759
Shivala,0.3592882717123808
Rohini,0.3582482390633841
"The Lodhi, Lodhi Road",0.35695473039813336
Harmu,0.3561249123355671
"Unity One Mall, Janakpuri",0.3551124526430521
"Hotel Green Olive, Nirala Bazar",0.3549013272880552
Kanka,0.35413810934665807
"Moments Mall, Kirti Nagar",0.35311677219697835
Usmanpura,0.3525967081788399
"Dilli Haat, INA",0.34955683521105807
Nehru Place,0.34905233812244363
Karol Bagh,0.34864742100291307
Green Park,0.34785266186603947
"JMD Megapolis Mall, Sohna Road",0.3477126659818099
Punjabi Bagh,0.3474976625708127
South Extension 1,0.3472159922636064
Sri Krishnapuri,0.34709402864735267
Janakpuri,0.34667507118616725
Sigra,0.3462066074617976
"Crown Interiorz Mall, Sector 35, Faridabad",0.34584078562283654
"DT Mega Mall, DLF Phase 1",0.34281129509833486
"Radisson Blu, Paschim Vihar",0.3421340913956796
"Hong Kong Bazaar Mall, Sector 57, Gurgaon",0.3401354428453905
"Spice World Mall, Sector 25",0.3395105436645781
Model Town 2,0.33713970800587334
"Maidens Hotel, Civil Lines",0.33680850189260036
DLF Phase 3,0.33257426042218463
"Raheja Mall, Sohna Road",0.33211299442013864
CIDCO,0.33199994107161207
"Vinayak City Centre Mall, Civil Lines",0.3313487733055721
"Hotel The Royal Plaza, Janpath",0.3309898721065314
C G Road,0.33060884041398747
Civil Lines,0.3304246729784039
"ARSS Mall, Paschim Vihar",0.3301069236709128
"Star City Mall, Mayur Vihar Phase 1",0.327985401760831
"Vibe by The LaLit Traveller, Mathura Road",0.327681767076137
"The Bristol Hotel, DLF Phase 1",0.32739895343771375
Kamla Nagar,0.327339961124343
"DLF City Centre Mall, Shalimar Bagh",0.3264060670804523
"Radisson Hotel, Nadesar",0.3257141791143346
"The Great India Place, Sector 38",0.32571175707038946
"Living Style Mall, Jasola",0.32568027443673386
Nizamuddin,0.3250484219349818
"Gourmet Hub, Pashim Vihar",0.32438276650533976
"DLF Mega Mall, DLF Phase 1",0.3239882690852431
Sohna Road,0.32375751955818344
Vaishali Nagar,0.3227870582878719
Hauz Khas,0.32270583627932814
"V3S Mall, Laxmi Nagar",0.3218438179098999
Moti Bagh,0.32183227685732557
Indirapuram,0.3201174574884611
Heritage Town,0.3163437540869229
"IBIS Hotel, Golf Course Road",0.31468568053198326
"Woods Resort, Gurgaon",0.31407349111108696
Chicalthana,0.31325933578251053
Kailash Colony,0.31199795938527153
Six Mile,0.3113833221089382
"The Oberoi, Udyog Vihar",0.30830632084225756
"Qutab Plaza, DLF Phase 1",0.30829614623134516
Sector 9,0.3064124917290237
"The India Mall, New Friends Colony",0.3059946192887017
"DLF South Square, Sarojini Nagar",0.30504851357455887
JW Marriott New Delhi,0.3049847594463759
"Hotel Maurya, Lodipur",0.30387523300612074
Barakhamba Road,0.30307142912187157
Safdarjung,0.30252653011156627
"Hotel City Park, Pitampura",0.3021535086722685
Jor Bagh,0.3015029756487088
"Sushant Shopping Arcade, Sushant Lok, Gurgaon",0.30038520757919596
"District Centre, Janakpuri",0.29973450237197874
Lalpur,0.2981002015438031
"Gardens Galleria, Sector 38 Noida",0.29807775634966205
Sushant Lok,0.2980300810020912
"Premier Inn, Shalimar Bagh",0.2965722613105638
"Z Square Mall, Mall Road",0.2958937978739993
Sector 83,0.29574279703891
Sector 15,0.2947224078027202
Sadar Bazar,0.2942540879623595
Sector 31,0.2942241643623693
" ILD Trade Centre Mall, Sohna Road",0.29162013571741296
Sector 19,0.2892621491917192
SDA,0.2886486037981884
Lajpat Nagar 2,0.28790532007846575
Sector 50,0.28745085075592186
"West End Mall, Janak Puri",0.28717886340453025
Sector 5,0.28662017489586755
"Country Inn & Suites By Carlson, Udyog Vihar",0.2866191734958188
Sector 38,0.2859759545757904
"Unitech Infospace, Sector 21, Gurgaon",0.28506198593406484
Mondha,0.2849404874597405
Anandpuri,0.2849404874597405
Jasola,0.2845609225193184
"Two Horizon Center, Golf Course Road",0.2827508761568112
Sector 46,0.28267893699280205
"Harsha Mall, Greater Noida",0.28190832682532163
MG Road,0.2816531676309346
"Ganga Shopping Complex, Sector 29",0.28058026416294923
JNU,0.2798434483814595
Sheikh Sarai,0.27983185411389505
Paschim Vihar,0.27921434614846713
"Aggarwal City Mall, Pitampura",0.2786793282531043
"Country Inn & Suites by Carlson, Sector 12",0.27863441551850576
Sector 7,0.27741585150980225
"Park Plaza, Sector 21, Faridabad",0.2772588722239781
Patparganj,0.27344581531114365
"MGF Metropolis Mall, MG Road",0.27321423626457253
"Piccadily Hotel, Janakpuri",0.2729898559597083
Hyatt Place Gurgaon,0.2725907892362641
Rajinder Nagar,0.27124887694629746
Mayur Vihar Phase 2,0.2704695193368266
Laxmi Nagar,0.26852449462525035
Kalkaji,0.26816931068566446
Chandni Chowk,0.2668138742921037
"Crown Plaza Mall, Sector 15, Faridabad",0.2649373644503967
Bhikaji Cama Place,0.2637508363279068
Pitampura,0.26332189379612525
"Pacific Mall, Tagore Garden",0.2592014761034015
"Omaxe Celebration Mall, Sohna Road, Gurgaon",0.25415396620531333
Sector 25,0.25307247186381865
East Patel Nagar,0.2525765166638254
Sector 125,0.24965335999439753
Chittaranjan Park,0.24965152284911563
Sector 16,0.2487194112802627
"Supertech Shopprix Mall, Sector 61",0.24687769162782258
Podanur,0.246481952213673
"Plaza Mall, MG Road",0.24423470353692042
South Extension 2,0.24289834561269477
Kirti Nagar,0.23644729475770077
Chanakyapuri,0.23637185951467746
Jama Masjid,0.23579306853708765
Sector 44,0.23541840568356145
Sector 28,0.22815634539705792
"Jukaso It Suites, Sector 14",0.22795238996779235
Sector 62,0.22765936010482826
"Ginger Hotel, Vivek Vihar",0.226225345753073
Alaknanda,0.22388843077378398
Sector 53,0.22287664632434162
Aggar Nagar,0.22133066490335282
New Friends Colony,0.22089170333858696
"The Atrium, Suraj Kund",0.22087019611982547
Golambar,0.21881869870493947
Vikaspuri,0.2185177029979727
Sector 37,0.21693555960996888
INA,0.21519070547542815
Mayur Vihar Phase 1,0.21513337854307518
Sector 6,0.21487562597358303
Sector 86,0.21458009734727554
East of Kailash,0.2132072810811851
Durga Puri,0.21239837580916787
Jail Road,0.21043485682972932
"T3 Domestic Arrival, Aerocity",0.20756374923256674
Vasant Vihar,0.2073939746920591
"Leisure Inn, Sector 14, Gurgaon",0.20670462838659848
Chander Nagar,0.20517431883214046
Sector 41,0.2035189971420029
Sector 23,0.203335637022802
Sector 11,0.2025925940277579
Sector 27,0.20196345181811548
"Jaypee Greens, Greater Noida, Noida",0.20099493508784805
Jangpura,0.19965938821004647
"Country Inn & Suites, Sohna Road",0.19824265021171603
India Gate,0.19696689913325635
Chhatarpur,0.19435358244180356
Daryaganj,0.19184085963372824
"Best Western Skycity Hotel, Sector 15, Gurgaon",0.19148056587672335
Dilshad Garden,0.1907359394385241
Sector 14,0.1867719761194284
Preet Vihar,0.18666775075641273
Anand Vihar,0.1860038343311815
Sector 57,0.18446183966203825
"The Uppal, Aerocity",0.1840869994275096
Vivek Vihar,0.1807914972088195
"MSX Mall, Greater Noida",0.18004822782371707
Mayapuri Phase 2,0.17921041473681312
"Park Inn, Sector 15, Gurgaon",0.17855748624764498
"Fortune Select Global, MG Road",0.17652976702929016
"Sector 15, Dwarka",0.17615730286463727
Sector 93,0.17613108754850323
"The Habitare Hotel, Sector 14",0.1723494665012717
Yusuf Sarai,0.17085014942707333
Paharganj,0.1698037811010141
"Logix City Centre, Sector 32, Noida",0.1691236346087179
Shalimar Bagh,0.16832399511924462
Gujranwala Town,0.16813767588874703
GTB Nagar,0.16776603349561447
"Roseate House, Aerocity",0.16539133397193426
Okhla Phase 2,0.1649991206447166
Wazirpur,0.1649558149779451
Tagore Garden,0.1643448536737049
"Hotel Haute.Monde, Sector 15",0.16001957120159124
Sector 10,0.15853598744399472
Sector 48,0.15751504796239932
"The Galgotias, Sector 23",0.15742798693283333
Sector 20,0.15603356033973295
Sector 110,0.15584145895096568
Sector 45,0.15532246761117724
Lawrence Road,0.15530919275859156
Old Railway Road,0.15513034288150576
Lajpat Nagar 1,0.15489395193208352
"Vyapar Kendra, Palam Vihar",0.15487767581030548
Sector 40,0.15415448621946173
Asaf Ali Road,0.15137517338738796
Sector 47,0.15115294767778753
Moti Nagar,0.14842373655395957
Munirka,0.14774504716054876
Lado Sarai,0.14751520746004385
IP Extension,0.14685811502686635
Dr. Zakir Hussain Marg,0.14539414835503983
"Ansal Plaza Mall, Palam Vihar",0.14497731636151312
Sarojini Nagar,0.14474049302405956
Sector 12,0.14137706393917365
Greater Noida,0.1392731995838651
Sector 34,0.13904673848171736
Sector 33,0.13899805580919528
Nyay Nagar,0.1385901849738945
Ashok Vihar Phase 1,0.13778762726839824
Sector 43,0.13698351294576214
Sector 2,0.13664632333310656
Geeta Colony,0.13660055720803135
Prashant Vihar,0.13413924155755114
Vikas Marg,0.13324459790593038
"Ansal Plaza Mall, Greater Noida",0.130210556762378
"MGM Club, Daryaganj",0.12788774788257976
Sector 51,0.12658224557509995
Mandi House,0.12568037889786535
"Best Western Taurus Hotel, Mahipalpur",0.12476649250079015
Mayur Vihar Phase 3,0.12239356887191534
Aerocity,0.12203673247554676
Sector 49,0.12164882859951394
"Eldeco Station 1 Mall, Sector 12, Faridabad",0.12107885371899724
Sector 61,0.11910491076573648
Sector 56,0.1153266127878002
Sector 3,0.11328296237648841
South City 2,0.11292073685581311
Naraina,0.11197178400794812
"Parsavnath City Mall, Sector 12, Faridabad",0.11018576315808482
"Andaz Delhi, Aerocity",0.10986122886681098
Sector 21,0.10808327032358915
Krishna Nagar,0.10775466744200482
"Hotel Grenville, MG Road",0.10763456523968117
Charmwood Village,0.10405772980747499
Sector 58,0.10321842612057944
Sarita Vihar,0.09956497578714273
R K Puram,0.094659716816779
Sector 4,0.0919581260353212
Tilak Nagar,0.09106438089728655
Badarpur Border,0.08883632233882584
Mukherjee Nagar,0.0882986591938387
"The Claremont, MG Road",0.08472978603872035
DLF Phase 2,0.08037767768352679
"ibis New Delhi, Aerocity",0.07931126431423936
Uttam Nagar,0.07927602694757761
Sector 17,0.07769645693441017
"Worldmark 1, Aerocity",0.07627307993329717
Vasundhara Enclave,0.07515138081406629
"DDA Market, Kalu Sarai, Hauz Khas",0.07324081924454065
Palam Vihar,0.07275274372754949
"Hotel Regent Grand, Karol Bagh",0.06931471805599453
Suraj Kund,0.06897025226999884
"Hotel Clark Inn, Sector 15",0.068189923689537
Sector 72,0.06735372947824834
Sector 55,0.06667671351512701
Sector 59,0.0666089315376419
"Shopprix Mall, Sector 61, Noida",0.06652343371394281
Ardee City,0.06651714193099394
Udyog Vihar,0.06349294382502325
"Courtyard by Marriott, Sushant Lok",0.06337345650833785
Sector 132,0.06193588635674834
Shahdara,0.05723448207734613
"Tulip Mall, Sector 48, Noida",0.05367833264664306
Sector 52,0.05346072494302136
Subhash Nagar,0.052051417993060754
Sector 39,0.04795334627187922
Sector 65,0.047165108609899344
Sector 71,0.04150982294273103
Mahipalpur,0.04026477626305626
Sainik Farms,0.03751620357761405
Sector 22,0.033807688616505883
"Hotel Golf View, Sector 37, Noida",0.03332424726259287
"Palate of Delhi, Chanakyapuri",0.0316484661422967
"Pride Plaza Hotel, Aerocity",0.03069651799622615
Shakarpur,0.026843226808465535
Majnu ka Tila,0.0238890126970645
Palam,0.02246596807001838
Sector 63,0.022052492460377923
Mehrauli,0.0214477470552932
Qutab Institutional Area,0.019691402940320495
Pandav Nagar,0.010902054112915704
Okhla Phase 1,0.007330849922385447
Najafgarh,0.00013584567230443066
"Park Ascent, Sector 62, Noida",0.0
Sector 60,0.0
Narela,0.0
Sector 42,0.0
Sector 127,0.0
"Worldmark 3, Aerocity",0.0
Sector 1,0.0
Zakir Nagar,0.0
Aaya Nagar,0.0
Shastri Park,0.0
Dayal Bagh,0.0
Nangloi,0.0
K Hotel,0.0
Trilokpuri,0.0
"Fun City Mall, Prashant Vihar",0.0
Tilak Marg,0.0
Golf Course,0.0
"Hotel Classic Diplomat, Mahipalpur",0.0
"Hotel Saffron Kiran, Faridabad",0.0
Indraprastha Colony,0.0
Kaushambi,0.0
Delhi Cantt.,0.0
"Logix Cyber Park, Sector 62, Noida",0.0
"SRS Mall, Sector 12, Faridabad",0.0
Mansingh Road,0.0
"Centaur Hotel, Aerocity",0.0
South City 1,0.0
NIT,0.0
Badkal Lake,0.0
Sikandarpur,0.0
